Length,LastWriteTime
1730051,2026/4/13 16:47:41
920512,2026/4/13 16:47:41
433830,2026/4/13 16:47:41
1367568,2026/4/13 16:47:41
16811,2026/4/11 0:12:49
118459,2026/4/11 0:12:49
4994,2026/4/11 0:12:49
19973,2026/4/11 0:16:26
85559,2026/4/11 0:16:26
386664,2026/4/11 0:16:25
415,2026/4/11 0:16:25
24386,2026/4/3 0:44:04
280789,2026/4/3 0:44:04
1570,2026/4/3 0:44:03
4741692,2026/4/4 15:29:09
366416,2026/4/4 15:29:07
4741804,2026/4/4 15:29:05
367343,2026/4/4 15:29:03
4741774,2026/4/4 15:29:02
368421,2026/4/4 15:28:59
14057483,2026/4/4 15:28:58
865478,2026/4/4 15:28:51
15104,2026/4/4 15:29:09
14734,2026/4/3 22:18:16
47361,2026/4/3 22:18:16
21775,2026/4/3 22:14:07
114549,2026/4/3 22:14:07
5504,2026/4/3 22:18:15
15227,2026/4/3 22:18:16
46436,2026/4/3 22:18:15
12983,2026/4/3 22:18:15
43593,2026/4/3 22:18:15
5511,2026/4/3 21:02:56
2798,2026/4/2 16:34:46
676,2026/4/2 16:34:46
38051786,2026/4/2 16:33:04
28278820,2026/4/2 16:34:44
24366019,2026/4/2 16:00:03
1070,2026/4/2 16:34:46
20080,2026/4/12 20:31:09
101120,2026/4/12 20:31:09
14002,2026/4/11 23:44:25
72278,2026/4/11 23:44:25
30226,2026/4/11 23:44:25
307100,2026/4/11 23:44:25
15136,2026/4/11 23:44:25
76662,2026/4/11 23:44:24
36028,2026/4/11 23:44:25
281624,2026/4/11 23:44:25
12306,2026/4/12 22:39:19
70473,2026/4/12 22:39:19
399,2026/4/12 22:39:18
312486,2026/4/12 23:26:56
530699,2026/4/12 23:26:56
13976,2026/4/12 23:08:16
50580,2026/4/12 23:08:16
371,2026/4/12 23:08:16
315933,2026/4/12 23:19:26
296780,2026/4/12 23:19:26
886755,2026/4/12 23:17:36
484405,2026/4/12 23:17:36
16630,2026/4/7 0:45:09
58575,2026/4/7 0:45:08
1351,2026/4/7 0:45:08
1805,2026/4/6 1:19:29
1464,2026/4/6 1:19:29
1802,2026/4/6 1:19:29
13610,2026/4/6 1:19:29
40641,2026/4/13 0:46:48
143033,2026/4/13 0:46:46
16101,2026/4/13 0:53:03
83216,2026/4/13 0:53:02
1628,2026/4/13 0:53:01
17485,2026/4/13 0:57:00
83215,2026/4/13 0:56:58
1788,2026/4/13 0:56:57
3551724,2026/4/11 0:03:51
17473,2026/4/11 0:04:10
17207,2026/4/10 22:18:35
226,2026/4/10 22:18:35
68962,2026/4/10 22:18:35
10283600,2026/4/10 22:18:35
3511260,2026/4/10 22:18:20
3534540,2026/4/10 22:18:28
3238156,2026/4/10 22:18:12
16902,2026/4/10 22:18:35
263,2026/4/10 22:18:37
492490,2026/4/13 2:05:30
1191650,2026/4/13 2:05:28
15708,2026/4/13 2:22:24
77098,2026/4/13 2:22:24
1100,2026/4/13 2:42:18
16525,2026/4/13 2:42:18
108621,2026/4/13 2:42:18
14973,2026/4/13 2:22:25
65478,2026/4/13 2:22:25
22554,2026/4/13 2:32:10
224353,2026/4/13 2:32:09
1482,2026/4/13 2:32:09
303,2026/4/13 2:07:37
494,2026/4/9 22:15:55
1101,2026/4/13 2:07:37
165,2026/4/13 2:07:37
3018,2026/4/13 2:05:27
13140464,2026/4/13 2:05:27
188814,2026/4/13 16:37:13
1977,2026/4/13 16:37:14
618,2026/4/13 16:37:14
8457,2026/4/13 17:56:38
0,2026/4/19 23:12:41
3125,2026/4/19 23:12:03
